Alabama,Montgomery,5097641,Camellia
Alaska,Juneau,740339,Forget Me Not
Arizona,Phoenix,7379346,Saguaro Cactus Blossom
Arkansas,Little Rock,3040207,Apple Blossom
California,Sacramento,40223504,California Poppy
Colorado,Denver,5997070,White and Lavender Columbine
Connecticut,Hartford,3615499,Mountain Laurel
Delaware,Dover,1017551,Peach Blossom
Florida,Tallahassee,22359251,Orange Blossom
Georgia,Atlanta,11019186,Cherokee Rose
Hawaii,Honolulu,1483762,Hibiscus
Idaho,Boise,1920562,Syringa
Illinois,Springfield,12807072,Purple Violet
Indiana,Indianapolis,6876047,Peony
Iowa,Des Moines,3233572,Wild Prairie Rose
Kansas,Topeka,2963308,Sunflower
Kentucky,Frankfort,4555777,Goldenrod
Louisiana,Baton Rouge,4695071,Magnolia
Maine,Augusta,1372559,White Pine Cone and Tassel
Maryland,Annapolis,6298325,Black-Eyed Susan
Massachusetts,Boston,7174604,Mayflower
Michigan,Lansing,10135438,Apple Blossom
Minnesota,Saint Paul,5827265,Pink and White Lady Slipper
Mississippi,Jackson,2959473,Magnolia
Missouri,Jefferson City,6204710,White Hawthorn Blossom
Montana,Helena,1112668,Bitterroot
Nebraska,Lincoln,2002052,Goldenrod
Nevada,Carson City,3225832,Sagebrush
New Hampshire,Concord,1395847,Purple Lilac
New Jersey,Trenton,9438124,Violet
New Mexico,Santa Fe,2135024,Yucca Flower
New York,Albany,20448194,Rose
North Carolina,Raleigh,10710558,Dogwood
Ohio,Columbus,11878330,Scarlet Carnation
Oklahoma,Oklahoma City,4021753,Mistletoe
Oregon,Salem,4359110,Oregon Grape
Pennsylvania,Harrisburg,13092796,Mountain Laurel
Rhode Island,Providence,1110822,Violet
South Carolina,Columbia,5266343,Yellow Jessamine
North Dakota,Bismarck,811044,Wild Prairie Rose
South Dakota,Pierre,908414,Pasque Flower
Tennessee,Nashville,7080262,Iris
Texas,Austin,30345487,Bluebonnet
Utah,Salt Lake City,3423935,Sego Lily
Vermont,Montpelier,648279,Red Clover
Virginia,Richmond,8820504,Dogwood
Washington,Olympia,7999503,Pink Rhododendron
West Virginia,Charleston,1775932,Rhododendron
Wisconsin,Madison,5955737,Wood Violet
Wyoming,Cheyenne,580817,Indian Paintbrush
