id,name,email,city,date of last order
1,Christine Robbins,C.Robbins@example.com,Aylesbury,03/01/2021
2,Fatima Avery,F.Avery@example.com,Didcot,18/01/2021
3,Rose Maynard,R.Maynard@example.com,Deal,18/03/2021
4,Alasdair O'Neill,A.O'Neill@example.com,Tenbury Wells,26/03/2021
5,Terrence Chandler,T.Chandler@example.com,Petworth,08/04/2021
6,Elliott Hargreaves,E.Hargreaves@example.com,North Walsham,28/05/2021
7,Giles Duncan,G.Duncan@example.com,Framlingham,18/06/2021
8,Anthea Rothwell,A.Rothwell@example.com,Braunstone Town,06/07/2021
9,Janet Drake,J.Drake@example.com,Shipston-on-Stour,13/07/2021
10,Greg Whitworth,G.Whitworth@example.com,Wakefield,18/07/2021
11,Martin Carpenter,M.Carpenter1@example.com,Ingleby Barwick,05/08/2021
12,Ashley Thorne,A.Thorne@example.com,Spennymoor,10/09/2021
13,Bianca Curry,B.Curry@example.com,Crowland,19/09/2021
14,Zara Hogg,Z.Hogg@example.com,St Helens,27/09/2021
15,Philomena Bannister,P.Bannister@example.com,Dawley,02/10/2021
16,Philippa Curry,P.Curry@example.com,Carshalton,15/10/2021
17,Nicole Marsden,N.Marsden@example.com,Banbury,20/10/2021
18,Wesley Long,W.Long@example.com,Coleford,05/11/2021
19,Rosemary Emery,R.Emery@example.com,Droitwich Spa,03/12/2021
20,Petra Robertson,P.Robertson@example.com,Tynemouth,11/12/2021
21,Isabelle Crow,I.Crow@example.com,Witney,21/12/2021
22,Geoff Best,G.Best@example.com,Pontefract,29/12/2021
23,Eunice Osborn,E.Osborn1@example.com,Kingston-upon-Thames,02/01/2022
24,Cecil Howes,C.Howes@example.com,Havant,05/01/2022
25,Kenneth Gould,K.Gould@example.com,Godalming,31/01/2022
26,Maxwell Daniel,M.Daniel@example.com,Soham,18/01/2021
27,Felicity Small,F.Small@example.com,Bedworth,16/02/2021
28,Scott Calvert,S.Calvert@example.com,Stanley,06/03/2021
29,Shaun Brown,S.Brown@example.com,Kingsteignton,12/03/2021
30,Sian Nicholson,S.Nicholson@example.com,Bottesford,23/04/2021
31,Ismail Carter,I.Carter@example.com,Bradford-on-Avon,12/05/2021
32,Calvin Bower,C.Bower@example.com,Chard,17/05/2021
33,Martyn Hewitt,M.Hewitt@example.com,Lisburn,27/05/2021
34,Alyson Clegg,A.Clegg@example.com,Uppingham,07/06/2021
35,Dionne Edwards,D.Edwards@example.com,St Albans,22/06/2021
36,Sharon Welsh,S.Welsh@example.com,Swindon,22/07/2021
37,Beata Boulton,B.Boulton@example.com,Whitchurch,02/08/2021
38,Jon Gamble,J.Gamble@example.com,Mablethorpe and Sutton,04/08/2021
39,Gail Yates,G.Yates@example.com,Skelton-in-Cleveland,17/08/2021
40,Les Farrow,L.Farrow@example.com,Marl,26/08/2021
41,Roy King,R.King@example.com,Widnes,10/09/2021
42,Priscilla Ratcliffe,P.Ratcliffe@example.com,Princes Ris,18/09/2021
43,Mohinder Gough,M.Gough@example.com,Cirencester,20/09/2021
44,Brendan Gardener,B.Gardener@example.com,Chorley,01/11/2021
45,Sandeep Crowther,S.Crowther@example.com,Helmsley,07/11/2021
46,Kirsty Lodge,K.Lodge@example.com,Salford,28/11/2021
47,Leonard Forster,L.Forster@example.com,Plymouth,07/12/2021
48,Sofia Berry,S.Berry1@example.com,Church Stretton,16/12/2021
49,Lyndon Webster,L.Webster@example.com,Grange-over-Sands,19/12/2021
50,Alexander Coulson,A.Coulson@example.com,Ware,28/12/2021
51,Doreen Healy,D.Healy@example.com,Otley,05/01/2021
52,Jerome Warren,J.Warren@example.com,Willesden,16/01/2021
53,Ahmed Bryant,A.Bryant1@example.com,Farn,23/01/2021
54,Connie Midgley,C.Midgley@example.com,Cranbrook,26/01/2021
55,Cecilia Wallace,C.Wallace1@example.com,Louth,30/01/2021
56,Rick Norton,R.Norton@example.com,Stow-on-the-Wold,02/02/2021
57,Giles Kane,G.Kane@example.com,Todmorden,06/02/2021
58,Juliet Mercer,J.Mercer@example.com,Snodland,21/03/2021
59,Ruby Hope,R.Hope@example.com,Heathfield,30/03/2021
60,Ricardo Hardwick,R.Hardwick@example.com,Minster,14/04/2021
61,Georgia Prince,G.Prince@example.com,Southport,19/04/2021
62,Joanna Cannon,J.Cannon@example.com,Flitwick,14/05/2021
63,Basil Hodson,B.Hodson@example.com,Wickwar,20/05/2021
64,Carly James,C.James@example.com,Halstead,24/05/2021
65,Charmaine Daniel,C.Daniel@example.com,Southminster,03/07/2021
66,Pearl Boyce,P.Boyce@example.com,Bridlington,12/07/2021
67,Aileen Simmonds,A.Simmonds@example.com,Morecambe,31/07/2021
68,Avril Humphries,A.Humphries@example.com,Lynton and Lynmouth,07/08/2021
69,Harry Gough,H.Gough@example.com,Stroud,05/10/2021
70,Maryam Lord,M.Lord@example.com,Wimbledon,05/11/2021
71,Dionne Andrews,D.Andrews1@example.com,Chingford,21/11/2021
72,Timothy Webster,T.Webster@example.com,Leighton-Linslade,01/12/2021
73,Vijay Skelton,V.Skelton@example.com,Darley Dale,22/12/2021
74,Corinne Cohen,C.Cohen@example.com,Halesowen,25/12/2021
75,Tamara Dobson,T.Dobson@example.com,Barnard Castle,10/01/2022
76,Raymond Griffin,R.Griffin@example.com,Aspatria,11/01/2021
77,Leo Brett,L.Brett@example.com,Lichfield,20/01/2021
78,Gordon Clough,G.Clough@example.com,Weybridge,14/02/2021
79,Nicky Lilley,N.Lilley@example.com,Wallingford,21/02/2021
80,Madeleine Akhtar,M.Akhtar@example.com,Loftus,03/03/2021
81,Allan Bradley,A.Bradley1@example.com,Buckfastleigh,12/03/2021
82,Rich Cotton,R.Cotton@example.com,Crawley,19/03/2021
83,Ceri Goddard,C.Goddard@example.com,Brierley,31/03/2021
84,Luke Spencer,L.Spencer@example.com,Beverley,04/05/2021
85,Mabel Stubbs,M.Stubbs@example.com,Bury,11/05/2021
86,Tammy Lawton,T.Lawton@example.com,Bridgwater,14/06/2021
87,Austin Dawes,A.Dawes@example.com,Longtown,19/06/2021
88,Nicolas Hay,N.Hay@example.com,Wath-upon-Dearne,08/07/2021
89,Bob Baker,B.Baker@example.com,Stotfold,09/07/2021
90,Callum Massey,C.Massey1@example.com,Chorleywood,02/08/2021
91,Jade Craven,J.Craven@example.com,Beaconsfield,03/08/2021
92,Antoinette Clements,A.Clements@example.com,Rushden,15/08/2021
93,Gabriel Jones,G.Jones1@example.com,Corsham,22/08/2021
94,Annette Lambert,A.Lambert@example.com,Sawbridgeworth,20/09/2021
95,Rex Gibson,R.Gibson@example.com,Leiston,01/11/2021
96,Lydia Duckworth,L.Duckworth@example.com,Southgate,14/11/2021
97,Stefan Watson,S.Watson@example.com,Leigh-on-Sea,27/11/2021
98,Beth Skinner,B.Skinner@example.com,Hawes,21/12/2021
99,Jacqueline Atkinson,J.Atkinson@example.com,Tow Law,23/12/2021
100,Nazia Buck,N.Buck@example.com,Kirkbymoorside,04/01/2022
101,Sadia Deacon,S.Deacon@example.com,Upton-upon-Severn,06/01/2021
102,Margery Poole,M.Poole@example.com,Cannock,15/01/2021
103,Rosalyn Barron,R.Barron@example.com,South Shields,31/01/2021
104,Gertrude Chadwick,G.Chadwick@example.com,Walthamstow,06/02/2021
105,Sarah-Jane Knowles,S.Knowles@example.com,Battle,21/02/2021
106,Monica Morrison,M.Morrison@example.com,Grange-over-Sands,26/02/2021
107,Michaela Cain,M.Cain@example.com,Barnard Castle,10/03/2021
108,Priscilla Barrow,P.Barrow@example.com,Alston,19/03/2021
109,Kathy Webber,K.Webber@example.com,Wallasey,31/03/2021
110,Ricky Ingham,R.Ingham@example.com,Chagford,16/04/2021
111,Duncan Hogan,D.Hogan@example.com,Lytchett Minster and Upton,30/05/2021
112,Fraser Franks,F.Franks@example.com,Peterborough,03/08/2021
113,Sonia Sheldon,S.Sheldon@example.com,Wells-next-the-Sea,11/08/2021
114,Janis Penny,J.Penny@example.com,Frome,24/08/2021
115,Mel Roberts,M.Roberts@example.com,Poynton-with-Worth,30/08/2021
116,Mohammad Sweeney,M.Sweeney1@example.com,Billingham,31/08/2021
117,Giuseppe Miller,G.Miller@example.com,Watchet,05/09/2021
118,Annabel Vaughan,A.Vaughan@example.com,Fordingbridge,08/09/2021
119,Leigh Akhtar,L.Akhtar@example.com,Wallingford,10/09/2021
120,Nadine Partridge,N.Partridge@example.com,Great Yarmouth,08/10/2021
121,Ivy Platt,I.Platt@example.com,Radstock,12/11/2021
122,Fred McKay,F.McKay@example.com,Leek,01/01/2022
123,Brian Nelson,B.Nelson@example.com,Princes Ris,02/01/2022
124,Billy Bellamy,B.Bellamy@example.com,St Mawes,08/01/2022
125,Ingrid Drake,I.Drake@example.com,South Molton,20/01/2022
126,Gabriel Roach,G.Roach@example.com,North Tawton,14/01/2021
127,Ian Douglas,I.Douglas@example.com,Rayleigh,17/01/2021
128,Bryan O'Brien,B.O'Brien@example.com,Burton upon Trent,05/02/2021
129,Tracy Bishop,T.Bishop@example.com,Spilsby,02/03/2021
130,Ivan Birch,I.Birch@example.com,Hartlepool,04/05/2021
131,Susan Mellor,S.Mellor@example.com,Bruton,07/07/2021
132,Beth Whalley,B.Whalley@example.com,Newport,11/07/2021
133,Dorothy Bainbridge,D.Bainbridge@example.com,Keswick,12/07/2021
134,Roderick Holliday,R.Holliday@example.com,Burnham-on-Crouch,24/08/2021
135,Kenneth Tucker,K.Tucker@example.com,Corbridge,06/09/2021
136,Wai Ashcroft,W.Ashcroft@example.com,Holsworthy,14/09/2021
137,Winston York,W.York@example.com,Dinnington St John's,27/09/2021
138,Charmaine Regan,C.Regan@example.com,Tonbridge,06/10/2021
139,George Gardiner,G.Gardiner@example.com,Watford,08/10/2021
140,Estelle Betts,E.Betts@example.com,Berkhamsted,22/10/2021
141,Stephanie Connor,S.Connor@example.com,Halesworth,29/10/2021
142,Sabina Whittle,S.Whittle@example.com,Plympton,18/11/2021
143,Warren Kelly,W.Kelly1@example.com,Wendover,27/11/2021
144,Dale Bradshaw,D.Bradshaw@example.com,Tidworth,04/12/2021
145,Marcus Thorne,M.Thorne@example.com,Wolsingham,12/12/2021
146,Benjamin Hodges,B.Hodges@example.com,Ampthill,01/01/2022
147,Alison Broadbent,A.Broadbent@example.com,Chipping Campden,08/01/2022
148,Tommy Strong,T.Strong@example.com,South Kirkby and Moorthorpe,17/01/2022
149,Melva Osborn,M.Osborn@example.com,Chester-le-Street,28/01/2022
150,Landon Brewer,L.Brewer@example.com,Malvern,31/01/2022
151,Daren Vasquez,D.Vasquez@example.com,Barton-upon-Humber,23/01/2021
152,Debora Harper,D.Harper@example.com,Tickhill,28/01/2021
153,Mariano Howell,M.Howell1@example.com,Flitwick,08/02/2021
154,Marquita Cisneros,M.Cisneros@example.com,Earley,17/02/2021
155,Chuck Evans,C.Evans@example.com,Northallerton,11/03/2021
156,Jon Huynh,J.Huynh@example.com,Ashby-de-la-Zouch,08/04/2021
157,Dorothy Ritter,D.Ritter@example.com,Hailsham,10/04/2021
158,Alba Ellison,A.Ellison@example.com,Sheringham,20/04/2021
159,Willy Taylor,W.Taylor@example.com,Wallsend,24/04/2021
160,Boris Alvarez,B.Alvarez@example.com,Queen-in-Sheppey,29/04/2021
161,Raquel Schultz,R.Schultz@example.com,Reigate,15/05/2021
162,Aileen Montgomery,A.Montgomery@example.com,Ashby Woulds,18/07/2021
163,Lavonne Lee,L.Lee@example.com,Selby,01/08/2021
164,Alfonso Vaughn,A.Vaughn@example.com,South Elmsall,09/08/2021
165,Zelma Conley,Z.Conley@example.com,Tipton,15/08/2021
166,Esperanza Mueller,E.Mueller@example.com,Lewes,26/08/2021
167,Gaston Diaz,G.Diaz@example.com,St Neots,10/09/2021
168,Ramiro Davis,R.Davis@example.com,Epping,19/10/2021
169,Sherrie Duke,S.Duke@example.com,Hawkinge,23/11/2021
170,Kasey Kaufman,K.Kaufman@example.com,Ormskirk,29/11/2021
171,Dane Allen,D.Allen@example.com,Bottesford,01/12/2021
172,Emmett Fry,E.Fry@example.com,Ashford,11/12/2021
173,Angeline Valenzuela,A.Valenzuela@example.com,Skelton-in-Cleveland,16/12/2021
174,Adrienne Montes,A.Montes@example.com,Castle Cary,11/01/2022
175,Marissa Griffin,M.Griffin@example.com,Harworth and Bircotes,14/01/2022
176,Hobert Nielsen,H.Nielsen@example.com,New Alresford,07/01/2021
177,Norris Mullen,N.Mullen@example.com,Blandford Forum,11/01/2021
178,Felecia Stout,F.Stout@example.com,Bosworth,22/01/2021
179,Trudy Brandt,T.Brandt@example.com,Conisbrough,01/02/2021
180,Darren Mclean,D.Mclean@example.com,Lough,04/02/2021
181,Dee Harding,D.Harding@example.com,Louth,03/03/2021
182,Brittney Hubbard,B.Hubbard@example.com,Wigton,23/04/2021
183,Latasha Becker,L.Becker@example.com,Southwell,26/05/2021
184,Bo Hawkins,B.Hawkins@example.com,Darwen,01/07/2021
185,Ty Simmons,T.Simmons@example.com,Charlbury,12/07/2021
186,Keisha Spencer,K.Spencer@example.com,Wimborne,13/07/2021
187,Rocco Moss,R.Moss@example.com,Ashburton,14/07/2021
188,Calvin Massey,C.Massey2@example.com,Fareham,03/08/2021
189,Natalie Carey,N.Carey@example.com,Alfreton,19/09/2021
190,Simone Martin,S.Martin@example.com,Tamworth,20/09/2021
191,Duane Sawyer,D.Sawyer@example.com,Bracknell,02/10/2021
192,Jody Mcknight,J.Mcknight@example.com,Dukinfield,08/10/2021
193,Chelsea Rich,C.Rich@example.com,Broughton-in-Furness,29/10/2021
194,Casey Santana,C.Santana@example.com,Ipswich,09/11/2021
195,Alton Jensen,A.Jensen@example.com,Tenterden,30/11/2021
196,Marvin Roberson,M.Roberson@example.com,Marazion,17/12/2021
197,Carla Chavez,C.Chavez@example.com,South Cave,23/12/2021
198,Everette Mcgee,E.Mcgee@example.com,Brom,07/01/2022
199,Ingrid Rubio,I.Rubio@example.com,Wetherby,12/01/2022
200,Muriel Wise,M.Wise@example.com,Lutterworth,20/01/2022
201,Patrick Hartman,P.Hartman@example.com,Swansea,06/02/2021
202,Jordan Bradley,J.Bradley@example.com,Ventnor,26/04/2021
203,Gavin Holden,G.Holden@example.com,Blackrod,28/04/2021
204,Stanley Rocha,S.Rocha@example.com,Royal Tunbridge Wells,11/05/2021
205,Scott Christian,S.Christian@example.com,Windermere,17/05/2021
206,Louisa Francis,L.Francis@example.com,Grimsby,02/06/2021
207,Ivan Mcbride,I.Mcbride@example.com,Wood Green,03/06/2021
208,Mac Morrow,M.Morrow@example.com,Darley Dale,09/06/2021
209,Doris Rios,D.Rios@example.com,Crowle,17/06/2021
210,Ned Cordova,N.Cordova@example.com,Thornaby-on-Tees,01/07/2021
211,Lula Strickland,L.Strickland@example.com,Bebington,14/07/2021
212,Nathanael Russo,N.Russo@example.com,Grays,20/07/2021
213,Glenna Barajas,G.Barajas@example.com,Radstock,16/08/2021
214,Jamar Huerta,J.Huerta@example.com,Southport,02/09/2021
215,Herbert Hampton,H.Hampton@example.com,Havant,04/09/2021
216,Lilly Acevedo,L.Acevedo@example.com,Mildenhall,05/09/2021
217,Simone Green,S.Green@example.com,Hythe,08/09/2021
218,Billie Tapia,B.Tapia@example.com,Sheringham,30/09/2021
219,Zelma Clark,Z.Clark@example.com,Sutton,18/11/2021
220,Francesco Simmons,F.Simmons@example.com,Totnes,19/11/2021
221,Lizzie Lynn,L.Lynn@example.com,Worcester,04/12/2021
222,Allie Vega,A.Vega@example.com,West Mersea,11/12/2021
223,Anastasia Branch,A.Branch1@example.com,Wednesbury,19/12/2021
224,Bryce Benton,B.Benton@example.com,Harwich,07/01/2022
225,Mamie Gaines,M.Gaines@example.com,Corsham,18/01/2022
226,Betsy Bolton,B.Bolton@example.com,Arlesey,28/01/2021
227,Cristopher Campos,C.Campos1@example.com,Barnard Castle,05/02/2021
228,Lana Fry,L.Fry@example.com,Weymouth,08/02/2021
229,Marisol Hardy,M.Hardy@example.com,Bewdley,18/02/2021
230,Pete Cohen,P.Cohen@example.com,Southampton,20/02/2021
231,Ladonna Stuart,L.Stuart@example.com,Shiraz,20/03/2021
232,Dawn Mcintyre,D.Mcintyre@example.com,Holsworthy,27/03/2021
233,Casey Arias,C.Arias@example.com,Welling,19/04/2021
234,Lynne Cherry,L.Cherry@example.com,Walsall,23/04/2021
235,Denny Chavez,D.Chavez@example.com,Chilton,10/06/2021
236,Kirby Ford,K.Ford@example.com,Oakham,15/06/2021
237,Coleman Garrison,C.Garrison@example.com,Blyth,27/06/2021
238,Tammi Mason,T.Mason@example.com,Swaffham,04/07/2021
239,Winfred Powers,W.Powers@example.com,Spennymoor,07/07/2021
240,Guadalupe Jones,G.Jones2@example.com,Pontefract,21/07/2021
241,Elba Stewart,E.Stewart1@example.com,Wadebridge,20/08/2021
242,Abdul Pacheco,A.Pacheco@example.com,Edinburgh,30/08/2021
243,Antonio Matthews,A.Matthews@example.com,St Columb Major,05/09/2021
244,Raphael Mccormick,R.Mccormick@example.com,Thorne,05/10/2021
245,Josh Blevins,J.Blevins@example.com,Teignmouth,08/10/2021
246,Harley Webster,H.Webster@example.com,Glossop,23/10/2021
247,Rolland Willis,R.Willis@example.com,Helston,07/11/2021
248,Amparo Buckley,A.Buckley@example.com,Northwich,13/12/2021
249,Susan Norman,S.Norman@example.com,Peterborough,24/01/2022
250,Eric Clarke,E.Clarke@example.com,Bolton,25/01/2022
251,Erica Williamson,E.Williamson@example.com,Bottesford,16/01/2021
252,Lavern Cline,L.Cline@example.com,Cleethorpes,21/01/2021
253,Debora Carpenter,D.Carpenter@example.com,Yateley,04/03/2021
254,Marco Luna,M.Luna@example.com,Horncastle,16/03/2021
255,Celeste Campos,C.Campos2@example.com,Lancaster,02/04/2021
256,Claudine Wallace,C.Wallace2@example.com,Colyton,04/04/2021
257,Trenton Bean,T.Bean@example.com,Guildford,08/04/2021
258,Bernadette Blanchard,B.Blanchard@example.com,Luton,11/04/2021
259,Olga Dawson,O.Dawson@example.com,Heywood,14/04/2021
260,Domingo Clay,D.Clay@example.com,Maidenhead,30/04/2021
261,Jody Caldwell,J.Caldwell@example.com,Quedgeley,01/05/2021
262,Adeline Bradley,A.Bradley2@example.com,Ashburton,14/06/2021
263,Rita Duran,R.Duran@example.com,Wath-upon-Dearne,19/06/2021
264,Marisol Stark,M.Stark@example.com,Rochester,21/06/2021
265,Dolores Kemp,D.Kemp@example.com,Dawlish,12/08/2021
266,Titus Daniels,T.Daniels@example.com,Midhurst,21/08/2021
267,Damion Mosley,D.Mosley@example.com,Beverley,02/09/2021
268,Jordan Roth,J.Roth@example.com,Bideford,19/09/2021
269,Stacy Shields,S.Shields@example.com,Brentford,21/09/2021
270,Roseann Beasley,R.Beasley@example.com,Beccles,13/10/2021
271,Marsha Wong,M.Wong1@example.com,Des,02/11/2021
272,Teresa Pacheco,T.Pacheco@example.com,Bletchley and Fenny Stratford,30/11/2021
273,Carmen Hickman,C.Hickman@example.com,Gloucester,22/12/2021
274,Jeannie Brady,J.Brady@example.com,Stratford-upon-Avon,15/01/2022
275,Loretta Miranda,L.Miranda@example.com,Stirling,21/01/2022
276,Geoffrey Kirby,G.Kirby@example.com,Middleham,09/01/2021
277,Marian Pena,M.Pena@example.com,Heathfield,12/01/2021
278,Cheryl Roberts,C.Roberts@example.com,Stockton-on-Tees,20/02/2021
279,Tamera Henry,T.Henry@example.com,Dudley,10/03/2021
280,Katy Franklin,K.Franklin@example.com,Norwich,26/03/2021
281,Frankie Schultz,F.Schultz@example.com,Eton,21/04/2021
282,Irwin Valentine,I.Valentine@example.com,Hatfield,27/04/2021
283,Hassan Greene,H.Greene@example.com,Grange-over-Sands,28/04/2021
284,Miriam Mercer,M.Mercer1@example.com,Ledbury,09/05/2021
285,Tracey Lloyd,T.Lloyd@example.com,Chorley,27/05/2021
286,Roderick Goodman,R.Goodman@example.com,Saxmundham,01/06/2021
287,Molly Wyatt,M.Wyatt@example.com,Weston-super-Mare,24/06/2021
288,Ronny Burnett,R.Burnett@example.com,Northampton,13/07/2021
289,Byron Gregory,B.Gregory@example.com,Ashington,12/08/2021
290,Jillian Bird,J.Bird1@example.com,Kingston-upon-Thames,16/08/2021
291,Lindsay Roberson,L.Roberson@example.com,Romsey,08/09/2021
292,Ashley Richardson,A.Richardson@example.com,Surbiton,18/09/2021
293,Hope Lowery,H.Lowery@example.com,Barnsley,08/10/2021
294,Lee Bowman,L.Bowman@example.com,Bangor,16/10/2021
295,Jeromy Brewer,J.Brewer@example.com,Church Stretton,31/10/2021
296,Lloyd Wolf,L.Wolf@example.com,Nuneaton,11/11/2021
297,Everett Hebert,E.Hebert@example.com,Haywards Heath,19/11/2021
298,Bobbie Mahoney,B.Mahoney@example.com,Tetbury,07/12/2021
299,Quinn Barrett,Q.Barrett@example.com,Settle,13/12/2021
300,Abram Hooper,A.Hooper@example.com,Filton,27/12/2021
301,Dixie Pennington,D.Pennington@example.com,Partington,28/01/2021
302,Dewayne Vance,D.Vance@example.com,Wallasey,29/01/2021
303,Janette Levine,J.Levine@example.com,Luton,04/02/2021
304,Joanna Donaldson,J.Donaldson@example.com,Enfield,24/02/2021
305,Allan Torres,A.Torres@example.com,Axminster,05/03/2021
306,Ken Austin,K.Austin@example.com,Kirkby Stephen,06/03/2021
307,Ryan Daniel,R.Daniel@example.com,Pickering,14/03/2021
308,Palmer Ellison,P.Ellison@example.com,Chesham,02/04/2021
309,Marguerite Carey,M.Carey@example.com,Brierley,14/04/2021
310,Stuart Patrick,S.Patrick@example.com,Dorchester,15/05/2021
311,Lenore Palmer,L.Palmer@example.com,Manningtree,21/06/2021
312,Jan Booker,J.Booker@example.com,Newton Abbot,09/07/2021
313,Alphonse Walker,A.Walker@example.com,Wickwar,18/07/2021
314,Willie Novak,W.Novak@example.com,Weighton,26/07/2021
315,Carter Ruiz,C.Ruiz@example.com,Wallsend,09/08/2021
316,Lucas Cabrera,L.Cabrera1@example.com,Buntingford,10/08/2021
317,Dillon Contreras,D.Contreras@example.com,Salcombe,25/08/2021
318,Blair Rhodes,B.Rhodes@example.com,Shirebrook,26/08/2021
319,Debbie Vaughn,D.Vaughn@example.com,Stalbridge,30/08/2021
320,Greg Glass,G.Glass@example.com,Sandown,25/09/2021
321,Robyn Bautista,R.Bautista@example.com,Highworth,26/11/2021
322,Claudio Maynard,C.Maynard@example.com,Middleton,14/12/2021
323,Elizabeth Warren,E.Warren@example.com,Romford,21/12/2021
324,Raphael Charles,R.Charles@example.com,Kingsbridge,08/01/2022
325,Letha Navarro,L.Navarro@example.com,Winslow,18/01/2022
326,Francisca Spencer,F.Spencer@example.com,Seaham,03/01/2021
327,Wanda Kelly,W.Kelly2@example.com,Staveley,13/01/2021
328,Bobby Richmond,B.Richmond@example.com,Holbeach,16/01/2021
329,Earline Mccoy,E.Mccoy@example.com,Sleaford,21/01/2021
330,Tony Jimenez,T.Jimenez@example.com,Bolton,25/01/2021
331,Chi Mullins,C.Mullins@example.com,Ilminster,30/01/2021
332,Boyd Wall,B.Wall@example.com,Frinton and Walton,10/02/2021
333,Tad Cooke,T.Cooke@example.com,Snodland,14/03/2021
334,Eva Lutz,E.Lutz@example.com,St Mawes,23/03/2021
335,Darlene Thompson,D.Thompson@example.com,Fleetwood,08/04/2021
336,Morgan Carter,M.Carter@example.com,Wimborne,04/05/2021
337,Doyle Mueller,D.Mueller@example.com,Wincanton,12/05/2021
338,Regina Hoffman,R.Hoffman@example.com,Weymouth,27/05/2021
339,Maritza Howe,M.Howe@example.com,Cheadle,29/06/2021
340,Jana Oneill,J.Oneill@example.com,Thetford,06/07/2021
341,Charlie Barrera,C.Barrera@example.com,Southwick,18/08/2021
342,Phil Marquez,P.Marquez@example.com,Dinnington St John's,16/09/2021
343,Grover Peck,G.Peck@example.com,Wath-upon-Dearne,22/09/2021
344,Delbert Powers,D.Powers@example.com,Willesden,20/10/2021
345,Celia Abbott,C.Abbott@example.com,Thornbury,03/12/2021
346,Andrea Ware,A.Ware@example.com,Guildford,07/12/2021
347,Ned Osborn,N.Osborn@example.com,Steyning,31/12/2021
348,Cheryl Haynes,C.Haynes@example.com,Charlbury,10/01/2022
349,Jordon Obrien,J.Obrien@example.com,Londonderry,20/01/2022
350,Neville Bailey,N.Bailey@example.com,Stroud,28/01/2022
351,Louise Lambert,L.Lambert@example.com,Ilkeston,03/01/2021
352,Vincenzo Scott,V.Scott@example.com,Brigg,01/03/2021
353,Lilian Goodman,L.Goodman@example.com,Redenhall with Harleston,05/03/2021
354,Kory Valdez,K.Valdez@example.com,Brackley,07/03/2021
355,Marguerite Shepherd,M.Shepherd@example.com,Liskeard,31/03/2021
356,Connie Elliott,C.Elliott@example.com,Burgh-le-Marsh,19/04/2021
357,Deidre Cunningham,D.Cunningham@example.com,Dartmouth,20/04/2021
358,Carmine Gregory,C.Gregory@example.com,Meltham,25/04/2021
359,Columbus Harris,C.Harris@example.com,Crook,12/05/2021
360,Wanda Bentley,W.Bentley@example.com,Harwich,31/05/2021
361,Serena Oconnor,S.Oconnor@example.com,Deeping,10/07/2021
362,Thelma Sandoval,T.Sandoval@example.com,Wilmslow,23/07/2021
363,Alicia Gonzalez,A.Gonzalez@example.com,Sandhurst,28/07/2021
364,Margarita Noble,M.Noble@example.com,Silsden,17/08/2021
365,Aldo Patton,A.Patton@example.com,Matlock,23/08/2021
366,Pam Lewis,P.Lewis@example.com,Hemsworth,28/09/2021
367,Natalie Soto,N.Soto@example.com,Bideford,03/10/2021
368,Terrie Valentine,T.Valentine@example.com,Staines-upon-Thames,29/10/2021
369,Alvaro Valencia,A.Valencia@example.com,Billingham,07/11/2021
370,Gale Patrick,G.Patrick@example.com,Ulverston,13/11/2021
371,Cristobal Marquez,C.Marquez@example.com,North Walsham,23/11/2021
372,Earnest Small,E.Small@example.com,Epping,30/11/2021
373,Shannon Garner,S.Garner@example.com,Seaford,17/12/2021
374,Caroline English,C.English@example.com,Nantwich,09/01/2022
375,Kerry Becker,K.Becker@example.com,Stone,10/01/2022
376,Timmy Wolfe,T.Wolfe@example.com,Erith,06/01/2021
377,Kevin Graham,K.Graham@example.com,Rawtenstall,17/01/2021
378,Ernesto Lloyd,E.Lloyd@example.com,Frodsham,27/02/2021
379,Emory Hester,E.Hester@example.com,Hertford,15/03/2021
380,Quentin Daniels,Q.Daniels@example.com,Rothbury,24/03/2021
381,Pedro Foley,P.Foley@example.com,Ashbourne,11/04/2021
382,Burton Oliver,B.Oliver@example.com,Havant,17/04/2021
383,Refugio Rose,R.Rose@example.com,Stocksbridge,26/04/2021
384,Debra Huang,D.Huang@example.com,Winchcombe,30/04/2021
385,Osvaldo Eaton,O.Eaton@example.com,Chipping Campden,31/05/2021
386,Gena Little,G.Little@example.com,Saffron Walden,03/06/2021
387,Emilia Allison,E.Allison1@example.com,Workington,16/07/2021
388,Kim Clayton,K.Clayton@example.com,Northfleet,20/07/2021
389,Maritza Aguilar,M.Aguilar@example.com,Chickerell,25/07/2021
390,Elbert Stuart,E.Stuart@example.com,City of London,04/08/2021
391,Rayford Greer,R.Greer@example.com,Wirksworth,20/08/2021
392,Evangeline Le,E.Le@example.com,Yateley,30/08/2021
393,Galen Randolph,G.Randolph@example.com,Gravesend,10/09/2021
394,Jesus Fry,J.Fry@example.com,Downham,18/09/2021
395,Guy Hayes,G.Hayes@example.com,Crowle,14/11/2021
396,Lenore Coleman,L.Coleman@example.com,Dulverton,16/12/2021
397,Lorraine Hill,L.Hill@example.com,Eastwood,25/12/2021
398,Vilma Hood,V.Hood@example.com,Chertsey,21/01/2022
399,Lyle Carrillo,L.Carrillo@example.com,Beaconsfield,28/01/2022
400,Florentino Dunn,F.Dunn@example.com,Nottingham,30/01/2022
401,Adele Francis,A.Francis@example.com,Cromer,16/02/2021
402,Ivy Harrison,I.Harrison@example.com,Withernsea,22/02/2021
403,Quinn Oconnell,Q.Oconnell@example.com,Lynton and Lynmouth,09/03/2021
404,Marcel Bean,M.Bean@example.com,Skipton,17/03/2021
405,Tony Erickson,T.Erickson@example.com,Bromsgrove,30/03/2021
406,Latasha Dougherty,L.Dougherty@example.com,St Just-in-Penwith,07/04/2021
407,Doug Sims,D.Sims@example.com,Aberdeen,28/04/2021
408,Charity Miranda,C.Miranda@example.com,St Mary Cray,01/05/2021
409,Mildred Whitney,M.Whitney@example.com,Fordwich,24/05/2021
410,Kirsten Cantu,K.Cantu@example.com,Wootton Bassett,27/06/2021
411,Francine Moss,F.Moss@example.com,Budleigh Salterton,02/07/2021
412,Opal Lee,O.Lee@example.com,Lancaster,27/07/2021
413,Johnie Hooper,J.Hooper@example.com,Slough,21/08/2021
414,Jenny Davenport,J.Davenport@example.com,Leigh-on-Sea,12/09/2021
415,Justin Herman,J.Herman@example.com,Hadleigh,14/09/2021
416,Austin Jackson,A.Jackson@example.com,Shipston-on-Stour,19/09/2021
417,Bill Woodard,B.Woodard@example.com,Farn,06/10/2021
418,Johnathan Collins,J.Collins@example.com,Corsham,10/10/2021
419,Susana Sutton,S.Sutton@example.com,Edinburgh,20/11/2021
420,Odis Bolton,O.Bolton@example.com,Alford,23/11/2021
421,Stanford Tucker,S.Tucker@example.com,St Mawes,25/11/2021
422,Tia Harrington,T.Harrington@example.com,Melton Mowbray,26/11/2021
423,Olive Pugh,O.Pugh@example.com,Chingford,27/11/2021
424,Kristie Barnett,K.Barnett@example.com,Stockton-on-Tees,08/01/2022
425,Bruno Ingram,B.Ingram@example.com,Eton,26/01/2022
426,Kris Jacobson,K.Jacobson@example.com,Newry,02/01/2021
427,Christine Oliver,C.Oliver@example.com,Holsworthy,21/01/2021
428,Eve Davidson,E.Davidson@example.com,Bangor,23/01/2021
429,Mac Shaffer,M.Shaffer@example.com,Snodland,19/03/2021
430,Kurt Grant,K.Grant@example.com,Newton Aycliffe,21/03/2021
431,Man Hawkins,M.Hawkins@example.com,Watford,15/04/2021
432,Rosa Villarreal,R.Villarreal@example.com,Stotfold,26/04/2021
433,Tonia Barrett,T.Barrett@example.com,Burnley,02/05/2021
434,Barbara Saunders,B.Saunders@example.com,Saxmundham,10/05/2021
435,Eddy Osborn,E.Osborn2@example.com,Chichester,21/05/2021
436,Ann Dudley,A.Dudley1@example.com,Wood Green,14/06/2021
437,Doris Figueroa,D.Figueroa@example.com,Plymouth,28/06/2021
438,Ester Ho,E.Ho@example.com,Portsmouth,04/07/2021
439,Jack Massey,J.Massey@example.com,Widnes,24/07/2021
440,Glenda Espinoza,G.Espinoza@example.com,Stoke-on-Trent,25/08/2021
441,Katherine Duffy,K.Duffy@example.com,Nailsworth,26/08/2021
442,Lanny Gay,L.Gay@example.com,Penzance,16/10/2021
443,Wilburn Meadows,W.Meadows@example.com,West Tilbury,06/12/2021
444,Valarie York,V.York@example.com,Sidmouth,16/12/2021
445,Gabrielle Adams,G.Adams@example.com,Diss,18/12/2021
446,Ned Miles,N.Miles@example.com,Scar,29/12/2021
447,Francis Bryant,F.Bryant@example.com,Farnham,02/01/2022
448,Tammy Mitchell,T.Mitchell@example.com,Berkhamsted,07/01/2022
449,Hipolito Pearson,H.Pearson1@example.com,Ringwood,16/01/2022
450,Darron Santiago,D.Santiago@example.com,Oakengates,22/01/2022
451,Natasha Ball,N.Ball@example.com,Bracknell,11/01/2021
452,Keneth Ritter,K.Ritter@example.com,Rawtenstall,20/01/2021
453,Dominique Le,D.Le@example.com,Raunds,26/01/2021
454,Aurelio Craig,A.Craig@example.com,Honiton,14/02/2021
455,Beverley Lawson,B.Lawson@example.com,Tynemouth,16/02/2021
456,Mia Rich,M.Rich@example.com,Carlton Colville,28/03/2021
457,Juanita Lester,J.Lester@example.com,Prudhoe,02/04/2021
458,Bernard Todd,B.Todd@example.com,Halesworth,13/04/2021
459,Gena Morris,G.Morris@example.com,St Neots,05/05/2021
460,Clark Chang,C.Chang@example.com,Gloucester,07/05/2021
461,Tyree Montgomery,T.Montgomery@example.com,Blackrod,25/05/2021
462,Gloria Jarvis,G.Jarvis@example.com,Telscombe,27/06/2021
463,Sophia Rosales,S.Rosales@example.com,Hartlepool,24/07/2021
464,Coy Walsh,C.Walsh@example.com,Ashby-de-la-Zouch,20/08/2021
465,Sonny Moon,S.Moon@example.com,Cowes,25/08/2021
466,Elvis Allison,E.Allison2@example.com,Meltham,05/09/2021
467,Lillian Hawkins,L.Hawkins@example.com,Perth,21/09/2021
468,Leonardo Odonnell,L.Odonnell@example.com,Londonderry,24/09/2021
469,Alonzo Shepherd,A.Shepherd@example.com,Burntwood,13/10/2021
470,Nell Murillo,N.Murillo@example.com,Wendover,11/11/2021
471,Terrie Kennedy,T.Kennedy@example.com,Whitby,04/12/2021
472,Kent Conley,K.Conley@example.com,Bromyard,06/12/2021
473,Nettie Roth,N.Roth@example.com,Tottenham,09/01/2022
474,Aldo Armstrong,A.Armstrong1@example.com,Warminster,14/01/2022
475,Frankie Serrano,F.Serrano@example.com,Huddersfield,15/01/2022
476,Emery Pace,E.Pace@example.com,Bolton,21/01/2021
477,Katherine Allen,K.Allen@example.com,Washington,26/01/2021
478,Wanda Mccarthy,W.Mccarthy@example.com,Bletchley and Fenny Stratford,03/02/2021
479,Alicia Mcneil,A.Mcneil@example.com,Wilton,03/04/2021
480,Willard Wood,W.Wood@example.com,Tickhill,14/04/2021
481,Alexis Mcconnell,A.Mcconnell@example.com,St Blaise,22/04/2021
482,Kristopher Stokes,K.Stokes@example.com,Portland,23/04/2021
483,Paula Bruce,P.Bruce@example.com,Swanley,27/04/2021
484,Cole May,C.May@example.com,Blandford Forum,05/05/2021
485,Lynn Roman,L.Roman@example.com,Richmond,12/05/2021
486,Bernardo Soto,B.Soto@example.com,Barrow-in-Furness,12/07/2021
487,Deshawn Schmitt,D.Schmitt@example.com,Winterton,20/07/2021
488,Melva Garcia,M.Garcia@example.com,Hunstanton,21/07/2021
489,Glenda Mckee,G.Mckee1@example.com,Shildon,27/07/2021
490,Anton Crosby,A.Crosby@example.com,Stretford,08/08/2021
491,Vicky Atkinson,V.Atkinson@example.com,Ealing,14/08/2021
492,Young Huffman,Y.Huffman@example.com,Buxton,18/08/2021
493,Maxine Sweeney,M.Sweeney2@example.com,Downham,02/09/2021
494,Imelda Kane,I.Kane@example.com,Bridport,15/09/2021
495,Barbra Rasmussen,B.Rasmussen@example.com,Melksham,23/11/2021
496,Daisy Duncan,D.Duncan@example.com,Bosworth,26/11/2021
497,Leila Haynes,L.Haynes@example.com,Bilston,02/12/2021
498,Rebecca Cortez,R.Cortez@example.com,Rayleigh,23/12/2021
499,Brice Arias,B.Arias@example.com,Norwich,11/01/2022
500,Junior Mckenzie,J.Mckenzie1@example.com,Axminster,27/01/2022
501,Robin Elliott,R.Elliott@example.com,Shiraz,17/01/2021
502,Brian Jacobson,B.Jacobson@example.com,Chichester,29/01/2021
503,Dan Erickson,D.Erickson@example.com,Witham,24/02/2021
504,Johnson Myers,J.Myers1@example.com,Holbeach,03/03/2021
505,Randy Giles,R.Giles@example.com,Higham Ferrers,28/03/2021
506,Olivia Stafford,O.Stafford@example.com,West Bromwich,07/06/2021
507,Korey Randolph,K.Randolph@example.com,Eastleigh,19/06/2021
508,Malinda Gilbert,M.Gilbert@example.com,Burton Latimer,27/06/2021
509,Shari Jensen,S.Jensen@example.com,Newent,07/07/2021
510,Rueben Baker,R.Baker@example.com,Birmingham,17/07/2021
511,Norbert Landry,N.Landry@example.com,Dursley,03/08/2021
512,Pearlie Merritt,P.Merritt@example.com,Silloth,13/08/2021
513,Julie Mcguire,J.Mcguire@example.com,Brighton and Hove,19/08/2021
514,Aida Cox,A.Cox@example.com,Newcastle-under-Lyme,20/08/2021
515,Howard Harris,H.Harris@example.com,Whitchurch,22/08/2021
516,Kathrine Robertson,K.Robertson@example.com,Oakham,08/09/2021
517,Israel Benton,I.Benton@example.com,Bromley,04/10/2021
518,Frankie Ellis,F.Ellis@example.com,Penrith,19/10/2021
519,Ellen Dudley,E.Dudley@example.com,Horsham,24/10/2021
520,Jean Levy,J.Levy@example.com,Sale,27/10/2021
521,Willard Adams,W.Adams@example.com,Winsford,31/10/2021
522,Coleman Rice,C.Rice@example.com,Rugeley,09/11/2021
523,Gil Mckee,G.Mckee2@example.com,Cranbrook,16/11/2021
524,Jeffrey English,J.English@example.com,Rugby,15/12/2021
525,Guadalupe Mcclure,G.Mcclure@example.com,Edinburgh,18/01/2022
526,Grover Suarez,G.Suarez@example.com,Lowestoft,11/01/2021
527,Jerry Lowery,J.Lowery@example.com,Newcastle upon Tyne,30/01/2021
528,Darrin Hopkins,D.Hopkins@example.com,Selsey,31/01/2021
529,Brenton Little,B.Little@example.com,Bolsover,14/02/2021
530,Vance Watts,V.Watts@example.com,Wokingham,17/02/2021
531,Angel Barnett,A.Barnett@example.com,Hinckley,28/02/2021
532,Johnnie Walton,J.Walton@example.com,Wymondham,12/03/2021
533,Marvin Velazquez,M.Velazquez@example.com,Sutton,16/03/2021
534,Waylon Lara,W.Lara@example.com,Southam,20/04/2021
535,Jules Orr,J.Orr@example.com,Caistor,22/05/2021
536,Maribel Carpenter,M.Carpenter2@example.com,Downham,07/06/2021
537,Eugenio Benson,E.Benson@example.com,Portishead and North Weston,26/06/2021
538,Vicente Gallegos,V.Gallegos@example.com,Ashby-de-la-Zouch,27/06/2021
539,Keith Floyd,K.Floyd@example.com,Bodmin,06/07/2021
540,Avery Heath,A.Heath@example.com,Royston,08/07/2021
541,Melissa Mcclain,M.Mcclain@example.com,Broadstairs and St Peter's,13/07/2021
542,Ivan Wood,I.Wood@example.com,Sheringham,29/07/2021
543,Terrell Rich,T.Rich@example.com,Hatherleigh,18/08/2021
544,Blair Page,B.Page@example.com,Nantwich,27/08/2021
545,Clemente Ramirez,C.Ramirez@example.com,Wootton Bassett,04/09/2021
546,Nadia Burns,N.Burns@example.com,Hertford,16/09/2021
547,Darrick Shah,D.Shah@example.com,Belfast,03/10/2021
548,Joann Mcconnell,J.Mcconnell@example.com,Rushden,18/10/2021
549,Ollie Aguirre,O.Aguirre@example.com,Brentford,14/11/2021
550,Nancy Atkins,N.Atkins@example.com,Blackwater and Hawley,13/12/2021
551,Milagros Newton,M.Newton@example.com,Sedbergh,16/01/2021
552,Matilda Davidson,M.Davidson@example.com,Lechlade,30/01/2021
553,Melinda Barton,M.Barton@example.com,Dunstable,31/01/2021
554,Lance Rogers,L.Rogers@example.com,Dorking,24/02/2021
555,Lynn Kelley,L.Kelley@example.com,Watlington,04/03/2021
556,Isaac Martin,I.Martin@example.com,Midsomer Norton,26/03/2021
557,Kelly Carey,K.Carey@example.com,Bootle,16/04/2021
558,Abigail Branch,A.Branch2@example.com,Guis,18/04/2021
559,Houston Floyd,H.Floyd@example.com,Croydon,25/04/2021
560,Orval King,O.King1@example.com,Hailsham,26/04/2021
561,Hope Benjamin,H.Benjamin@example.com,Tetbury,11/05/2021
562,Ora Morris,O.Morris@example.com,Birchwood,18/05/2021
563,Adan Waller,A.Waller@example.com,St David's,29/05/2021
564,Preston Foster,P.Foster@example.com,Kingsteignton,27/06/2021
565,Guy Odonnell,G.Odonnell@example.com,Dukinfield,30/06/2021
566,Homer Dodson,H.Dodson@example.com,Stow,04/07/2021
567,Josue Woods,J.Woods@example.com,Middlesbrough,06/07/2021
568,Sharlene Marshall,S.Marshall@example.com,Diss,25/07/2021
569,Kristin Reese,K.Reese@example.com,Stony Stratford,13/08/2021
570,Lamont Harvey,L.Harvey@example.com,Tow Law,19/09/2021
571,Carmen Henderson,C.Henderson@example.com,Hounslow,29/09/2021
572,Carl Montoya,C.Montoya@example.com,Marazion,30/11/2021
573,Bud Travis,B.Travis@example.com,Mitcheldean,05/01/2022
574,Ava Schultz,A.Schultz@example.com,Tewkesbury,09/01/2022
575,Timmy Ford,T.Ford@example.com,Solihull,26/01/2022
576,Irwin Rivera,I.Rivera@example.com,South Woodham Ferrers,01/02/2021
577,Linwood Hodge,L.Hodge@example.com,Ottery St Mary,13/02/2021
578,Rudolph Sellers,R.Sellers1@example.com,New Milton,14/02/2021
579,Carmine Dudley,C.Dudley@example.com,Amersham,10/03/2021
580,Rickie Rosales,R.Rosales@example.com,Haywards Heath,10/04/2021
581,Vera Bernard,V.Bernard@example.com,Morpeth,21/04/2021
582,Ruthie Townsend,R.Townsend@example.com,Poole,09/05/2021
583,Woodrow Tran,W.Tran@example.com,Derby,18/05/2021
584,Jules Mckenzie,J.Mckenzie2@example.com,Ferryhill,28/05/2021
585,Caroline Salinas,C.Salinas@example.com,Letchworth Garden City,10/06/2021
586,Alyson Spencer,A.Spencer@example.com,Stockport,04/07/2021
587,Porfirio Casey,P.Casey@example.com,Cotgrave,07/07/2021
588,Cassandra Arroyo,C.Arroyo@example.com,North Tawton,10/07/2021
589,Abel Cantrell,A.Cantrell@example.com,Bromyard,15/09/2021
590,Vicky Lin,V.Lin@example.com,Maldon,26/09/2021
591,Lilia Benton,L.Benton@example.com,Basingstoke,02/10/2021
592,Dominick Fox,D.Fox@example.com,Barrow-in-Furness,05/10/2021
593,Buck Chambers,B.Chambers@example.com,High Wycombe,08/10/2021
594,Ernie Paul,E.Paul@example.com,Sherborne,17/10/2021
595,Letitia Murray,L.Murray1@example.com,Leyland,07/11/2021
596,Gracie Gould,G.Gould@example.com,Ramsgate,15/11/2021
597,Lucas Lowery,L.Lowery@example.com,Bishop's Stortford,19/11/2021
598,Milton Romero,M.Romero@example.com,Halewood,24/12/2021
599,Autumn Stephenson,A.Stephenson@example.com,Newquay,26/12/2021
600,Alvaro Cortez,A.Cortez@example.com,Wantage,03/01/2022
601,Francesca Weaver,F.Weaver@example.com,Edenbridge,09/01/2021
602,Bobbie Owen,B.Owen@example.com,Beckenham,12/01/2021
603,Maureen Moran,M.Moran1@example.com,Denholme,03/02/2021
604,Marlin Brennan,M.Brennan@example.com,Wells-next-the-Sea,11/02/2021
605,Mohammed Howell,M.Howell2@example.com,Flitwick,24/02/2021
606,Marlon Snyder,M.Snyder@example.com,Dunstable,16/03/2021
607,Vicki Mata,V.Mata@example.com,Tottenham,26/05/2021
608,Darrel Pineda,D.Pineda@example.com,Church Stretton,03/06/2021
609,Lori Solis,L.Solis@example.com,Newport Pagnell,08/06/2021
610,Hank Moody,H.Moody@example.com,New Alresford,04/07/2021
611,Sidney Swanson,S.Swanson@example.com,Berkeley,07/07/2021
612,Judith Nolan,J.Nolan@example.com,Prudhoe,26/07/2021
613,Ignacio Lloyd,I.Lloyd@example.com,Wallingford,24/08/2021
614,Gilda Harvey,G.Harvey@example.com,Witney,27/08/2021
615,Adan Le,A.Le@example.com,Stockton-on-Tees,29/08/2021
616,Leann Atkinson,L.Atkinson@example.com,Rawtenstall,02/09/2021
617,Nathaniel Terry,N.Terry@example.com,Huddersfield,13/09/2021
618,Hung Saunders,H.Saunders@example.com,Leatherhead,10/10/2021
619,Carlo Beck,C.Beck@example.com,Arundel,20/10/2021
620,Eula Oconnell,E.Oconnell@example.com,Chorley,03/11/2021
621,Lacy Dillon,L.Dillon@example.com,Corsham,11/11/2021
622,Dolly Singleton,D.Singleton@example.com,Birmingham,04/12/2021
623,Daryl Richards,D.Richards@example.com,Grimsby,23/12/2021
624,Elijah Carlson,E.Carlson@example.com,Penryn,12/01/2022
625,Simon Ramsey,S.Ramsey@example.com,Coalville,17/01/2022
626,Britt Whitney,B.Whitney@example.com,North Petherton,03/01/2021
627,Gerry Knight,G.Knight@example.com,Newport,25/01/2021
628,Isidro Cabrera,I.Cabrera@example.com,Wickwar,14/02/2021
629,Brandon Simmons,B.Simmons@example.com,Hemel Hempstead,23/02/2021
630,Erik Morgan,E.Morgan@example.com,Bedford,09/03/2021
631,Arlie Vazquez,A.Vazquez@example.com,Bacup,22/03/2021
632,Fredric Huber,F.Huber@example.com,Loftus,12/04/2021
633,Wilmer Hebert,W.Hebert@example.com,Wells,08/05/2021
634,Val Berger,V.Berger@example.com,Highworth,10/05/2021
635,Elisabeth Durham,E.Durham@example.com,Middlesbrough,23/05/2021
636,Debra Watkins,D.Watkins1@example.com,Sevenoaks,29/05/2021
637,Eve Cordova,E.Cordova@example.com,Bovey Tracey,06/06/2021
638,Raymundo Lyons,R.Lyons@example.com,Crowland,09/06/2021
639,Lacy Armstrong,L.Armstrong@example.com,Dudley,10/06/2021
640,Bethany Cardenas,B.Cardenas@example.com,Potton,12/07/2021
641,Reid Contreras,R.Contreras@example.com,Scunthorpe,02/08/2021
642,Rachelle Boyd,R.Boyd@example.com,Ramsgate,01/09/2021
643,Werner Eaton,W.Eaton@example.com,Newlyn,30/10/2021
644,Beulah Mcclain,B.Mcclain@example.com,Worcester,07/11/2021
645,Madelyn Mercer,M.Mercer2@example.com,Har,12/11/2021
646,Leonardo Carpenter,L.Carpenter@example.com,Stocksbridge,30/11/2021
647,Wesley Bolton,W.Bolton@example.com,Didcot,30/12/2021
648,Alvin Patel,A.Patel@example.com,Letchworth Garden City,15/01/2022
649,Zackary Travis,Z.Travis@example.com,Peterborough,16/01/2022
650,Stacey Young,S.Young@example.com,Dawley,31/01/2022
651,Weldon Wall,W.Wall@example.com,Ashbourne,05/02/2021
652,Dillon Lloyd,D.Lloyd@example.com,St Ives,13/02/2021
653,Nannie Cobb,N.Cobb@example.com,Liverpool,16/02/2021
654,Armando Johnson,A.Johnson@example.com,Bishop's Castle,23/02/2021
655,Darius Aguilar,D.Aguilar@example.com,Askern,26/02/2021
656,Dale Anthony,D.Anthony@example.com,Bradninch,05/03/2021
657,Peggy Santana,P.Santana@example.com,Shepton Mallet,28/03/2021
658,Carey Rosario,C.Rosario@example.com,Frinton and Walton,04/05/2021
659,Zachary Best,Z.Best@example.com,Holsworthy,11/05/2021
660,Corey Moore,C.Moore1@example.com,Wainfleet All Saints,26/05/2021
661,Rubin Sellers,R.Sellers2@example.com,Hartland,01/07/2021
662,Evangeline Lawrence,E.Lawrence@example.com,Hatfield,06/07/2021
663,Harley Mercado,H.Mercado@example.com,Ripon,13/07/2021
664,Penelope Mueller,P.Mueller@example.com,Northam,15/07/2021
665,Abram Dudley,A.Dudley2@example.com,Bruton,08/08/2021
666,Henry Mccarthy,H.Mccarthy@example.com,Newhaven,05/09/2021
667,Kristopher Nichols,K.Nichols@example.com,Camelford,17/09/2021
668,Hollis Johnston,H.Johnston@example.com,Amble,01/10/2021
669,Rashad Norman,R.Norman@example.com,Broughton,15/10/2021
670,Roslyn Shea,R.Shea@example.com,Shrewsbury,10/11/2021
671,Irwin Moon,I.Moon@example.com,Yate,13/11/2021
672,Sue Andrews,S.Andrews@example.com,Shildon,05/12/2021
673,Herb Booth,H.Booth@example.com,Pontefract,23/12/2021
674,Charmaine Cooper,C.Cooper@example.com,Northallerton,03/01/2022
675,Wilbert Mcpherson,W.Mcpherson@example.com,Brentford,27/01/2022
676,Felipe Blackwell,F.Blackwell@example.com,Burgess Hill,10/01/2021
677,Ezequiel Pennington,E.Pennington@example.com,Berwick-upon-Tweed,01/02/2021
678,Amparo Huynh,A.Huynh@example.com,Bolton,23/03/2021
679,Audra Massey,A.Massey@example.com,Sleaford,24/03/2021
680,Madelyn Reilly,M.Reilly@example.com,Cinderford,14/05/2021
681,Minh Valentine,M.Valentine@example.com,Corringham,16/05/2021
682,Young Malone,Y.Malone@example.com,Loughton,27/05/2021
683,June Key,J.Key@example.com,Chesterfield,30/05/2021
684,Ezra Howe,E.Howe@example.com,Sheffield,10/07/2021
685,Jae Myers,J.Myers2@example.com,East Grinstead,11/07/2021
686,Rudolf Gill,R.Gill@example.com,Northampton,17/07/2021
687,Leonard Fritz,L.Fritz@example.com,Ambleside,19/07/2021
688,Sasha Cantrell,S.Cantrell@example.com,Gorleston,15/08/2021
689,Nicholas Hensley,N.Hensley@example.com,Bexhill-on-Sea,05/09/2021
690,Wyatt Edwards,W.Edwards@example.com,Sheringham,10/09/2021
691,Hal Dalton,H.Dalton@example.com,Frodsham,15/09/2021
692,Mauro Santiago,M.Santiago@example.com,Stourport-on-Severn,19/09/2021
693,Ila Le,I.Le@example.com,Winsford,19/10/2021
694,Maura Hartman,M.Hartman@example.com,Henley-on-Thames,24/10/2021
695,Josue Webb,J.Webb@example.com,East Ham,29/11/2021
696,Agustin Mcknight,A.Mcknight@example.com,Tow Law,17/12/2021
697,Terrence Wise,T.Wise@example.com,Chagford,01/01/2022
698,Wiley Clarke,W.Clarke@example.com,Wotton-under-Edge,20/01/2022
699,Nathanial Lozano,N.Lozano@example.com,Bridgwater,21/01/2022
700,Bernice Hatfield,B.Hatfield@example.com,Porthleven,22/01/2022
701,Tuan Chang,T.Chang@example.com,Ealing,04/01/2021
702,Elden Levy,E.Levy@example.com,Winchcombe,10/01/2021
703,Adele Mckay,A.Mckay@example.com,Royal Leamington Spa,26/02/2021
704,Emile Ford,E.Ford@example.com,Weighton,28/03/2021
705,Patricia Wilkinson,P.Wilkinson@example.com,Eye,06/04/2021
706,Myrna Cooper,M.Cooper@example.com,Leominster,24/04/2021
707,Brittany Harper,B.Harper@example.com,Wirksworth,25/04/2021
708,Sung Rubio,S.Rubio@example.com,Woburn,07/05/2021
709,Broderick Shea,B.Shea@example.com,Sheringham,14/07/2021
710,Consuelo Hopkins,C.Hopkins@example.com,Ashton-under-Lyne,23/07/2021
711,Constance Guzman,C.Guzman@example.com,Didcot,25/07/2021
712,Columbus Torres,C.Torres@example.com,Leigh,01/08/2021
713,Stanton Morse,S.Morse@example.com,Crosby,21/08/2021
714,Guy Carey,G.Carey@example.com,Stourbridge,22/09/2021
715,Leopoldo Phelps,L.Phelps@example.com,Redruth,30/09/2021
716,Gayle Boone,G.Boone@example.com,Har,03/10/2021
717,Carly Kim,C.Kim@example.com,Ludlow,14/10/2021
718,Bobbie Lin,B.Lin@example.com,Burnley,18/10/2021
719,Kennith Hudson,K.Hudson@example.com,Hounslow,17/11/2021
720,Gabrielle Hanna,G.Hanna@example.com,Braunstone Town,29/11/2021
721,Emerson Abbott,E.Abbott@example.com,Jarrow,25/12/2021
722,Sean Hoover,S.Hoover@example.com,Chipping Sodbury,11/01/2022
723,Paulette Anderson,P.Anderson@example.com,Romsey,14/01/2022
724,Alba Atkinson,A.Atkinson@example.com,Charlbury,19/01/2022
725,Enid Suarez,E.Suarez@example.com,Worthing,25/01/2022
726,Fernando Santos,F.Santos@example.com,Waltham Cross,12/01/2021
727,Hassan Hodges,H.Hodges@example.com,Crewe,16/01/2021
728,Elias Vazquez,E.Vazquez@example.com,Hingham,22/01/2021
729,Ginger Black,G.Black@example.com,Chickerell,30/04/2021
730,Jermaine Soto,J.Soto@example.com,Brentford,08/05/2021
731,Viola Yang,V.Yang@example.com,Warrington,25/05/2021
732,Abel Lowe,A.Lowe@example.com,North Petherton,28/05/2021
733,Omar King,O.King2@example.com,Whitby,08/06/2021
734,Odis Cannon,O.Cannon@example.com,Smethwick,09/07/2021
735,Elwood Christian,E.Christian@example.com,Huntingdon,13/07/2021
736,Milton Harrington,M.Harrington@example.com,Derby,26/07/2021
737,Mario Jacobson,M.Jacobson@example.com,Silloth,02/08/2021
738,Darla Gomez,D.Gomez@example.com,Earby,11/08/2021
739,Gale Brooks,G.Brooks@example.com,Cranbrook,28/08/2021
740,Kris Gibson,K.Gibson@example.com,Bury St Edmunds,03/09/2021
741,Lynn Maxwell,L.Maxwell@example.com,Harwich,11/09/2021
742,Rufus Sloan,R.Sloan@example.com,Shepton Mallet,13/09/2021
743,Robt Marquez,R.Marquez@example.com,Gloucester,18/11/2021
744,Fritz Krause,F.Krause@example.com,Radstock,24/11/2021
745,Lily Cabrera,L.Cabrera2@example.com,Brigg,26/11/2021
746,Rob Curry,R.Curry@example.com,Portsmouth,10/12/2021
747,Daisy Mcguire,D.Mcguire@example.com,Ashford,15/12/2021
748,Phil Stokes,P.Stokes@example.com,Grassington,23/12/2021
749,Christie Marsh,C.Marsh@example.com,Ivybridge,24/12/2021
750,Stacey Simon,S.Simon@example.com,Heanor and Loscoe,19/01/2022
751,Alyson Armstrong,A.Armstrong2@example.com,Lydd,16/01/2021
752,Michael Underwood,M.Underwood@example.com,Great Yarmouth,18/01/2021
753,Emerson Adams,E.Adams@example.com,Swanage,20/01/2021
754,Demetrius Wilson,D.Wilson@example.com,Dulverton,03/03/2021
755,Karyn Schneider,K.Schneider@example.com,Poynton-with-Worth,09/03/2021
756,Miriam Dickerson,M.Dickerson@example.com,Frodsham,16/03/2021
757,Jess Stephens,J.Stephens@example.com,Barnoldswick,18/04/2021
758,Annette Potts,A.Potts@example.com,Chilton,23/04/2021
759,Silas Dunn,S.Dunn@example.com,Halstead,03/06/2021
760,Jackie Douglas,J.Douglas@example.com,Tamworth,13/06/2021
761,Joni Nixon,J.Nixon@example.com,Leighton-Linslade,24/06/2021
762,Diane Hicks,D.Hicks@example.com,Olney,26/06/2021
763,Willian Hanna,W.Hanna@example.com,Cheltenham,19/07/2021
764,Alisa Hunter,A.Hunter@example.com,Withernsea,26/08/2021
765,Ricardo Mcintyre,R.Mcintyre@example.com,Henley-in-Arden,28/08/2021
766,Truman Morris,T.Morris@example.com,Wetherby,18/09/2021
767,Helene Faulkner,H.Faulkner@example.com,West Ham,23/09/2021
768,Vince Harvey,V.Harvey@example.com,Hornsey,20/10/2021
769,Earnestine Barker,E.Barker@example.com,Horwich,22/10/2021
770,Jaclyn Shea,J.Shea@example.com,Hatherleigh,23/10/2021
771,Susie Webster,S.Webster@example.com,Haslingden,15/11/2021
772,Wilber Patrick,W.Patrick@example.com,Des,25/12/2021
773,Stefanie Gonzalez,S.Gonzalez@example.com,Sutton,28/12/2021
774,Billy Le,B.Le@example.com,Hedon,06/01/2022
775,Julianne Montoya,J.Montoya@example.com,Tickhill,13/01/2022
776,Hassan Walsh,H.Walsh@example.com,Wilton,10/01/2021
777,Deann Zimmerman,D.Zimmerman@example.com,Aylsham,18/01/2021
778,Cassie Krueger,C.Krueger@example.com,Beaminster,02/02/2021
779,Christi Moore,C.Moore2@example.com,Weston-super-Mare,07/02/2021
780,Vera Day,V.Day@example.com,Newlyn,15/02/2021
781,Kendall Willis,K.Willis@example.com,St Blaise,17/02/2021
782,Patsy Paul,P.Paul@example.com,Hungerford,27/02/2021
783,Paige Barrera,P.Barrera@example.com,Nuneaton,22/03/2021
784,Bo Holland,B.Holland@example.com,Middlewich,07/04/2021
785,Sylvester Newman,S.Newman@example.com,Hayes,19/04/2021
786,Stevie Lamb,S.Lamb@example.com,Stone,21/04/2021
787,Marla Moran,M.Moran2@example.com,Scunthorpe,08/05/2021
788,Rene Morse,R.Morse@example.com,Northampton,21/05/2021
789,Bernadine Beard,B.Beard@example.com,Darlington,29/05/2021
790,Cleo Wells,C.Wells@example.com,Shanklin,03/06/2021
791,Daren Benjamin,D.Benjamin@example.com,Whitehaven,05/06/2021
792,Araceli Contreras,A.Contreras@example.com,Swanscombe and Greenhithe,03/07/2021
793,Daniel Andrews,D.Andrews2@example.com,Milton Keynes,19/07/2021
794,Jeannette Singh,J.Singh@example.com,Bacup,09/09/2021
795,Tricia Dorsey,T.Dorsey@example.com,St Columb Major,18/09/2021
796,Toni Tucker,T.Tucker@example.com,Nailsworth,21/09/2021
797,Elisha Graham,E.Graham@example.com,Stalybridge,28/10/2021
798,Alden Valentine,A.Valentine@example.com,Lisburn,12/11/2021
799,Gus Hudson,G.Hudson@example.com,Kirkby Lonsdale,02/12/2021
800,Billie Chase,B.Chase@example.com,Biddulph,25/12/2021
801,Damon Knight,D.Knight1@example.com,Corby,12/01/2021
802,Genevieve Goodwin,G.Goodwin@example.com,Sheringham,29/01/2021
803,Hollie Pearson,H.Pearson2@example.com,St Mary Cray,31/01/2021
804,Dirk Sweeney,D.Sweeney@example.com,Berkeley,08/02/2021
805,Rusty Larsen,R.Larsen@example.com,Brighouse,27/02/2021
806,Danilo Guerra,D.Guerra@example.com,Corsham,16/03/2021
807,Sue Murillo,S.Murillo@example.com,Chickerell,20/03/2021
808,Dollie Watkins,D.Watkins2@example.com,Alton,30/03/2021
809,Araceli Mccarthy,A.Mccarthy@example.com,Walsall,05/04/2021
810,Sheryl Bolton,S.Bolton@example.com,Tring,05/05/2021
811,Cathryn Graves,C.Graves@example.com,Shepshed,06/05/2021
812,Eloise Morrison,E.Morrison@example.com,Norwich,31/05/2021
813,Stephan Huff,S.Huff@example.com,Watchet,08/06/2021
814,Dane Meyers,D.Meyers@example.com,Mitcheldean,12/06/2021
815,Newton Welch,N.Welch@example.com,St Blaise,13/06/2021
816,Steven Palmer,S.Palmer@example.com,North Hykeham,23/07/2021
817,Candy Schmitt,C.Schmitt@example.com,Thetford,10/08/2021
818,Irma Dougherty,I.Dougherty@example.com,Newport,21/09/2021
819,Beulah Cooke,B.Cooke@example.com,Brierfield,04/10/2021
820,Lamar Murray,L.Murray2@example.com,Maltby,09/10/2021
821,Glenna Cross,G.Cross@example.com,Blyth,31/10/2021
822,Maude Andersen,M.Andersen@example.com,Hitchin,01/12/2021
823,Ashlee Blake,A.Blake@example.com,Burton Latimer,04/12/2021
824,Michelle Schmidt,M.Schmidt@example.com,Thorpe St Andrew,07/12/2021
825,Jimmy Mcgrath,J.Mcgrath@example.com,Fowey,29/01/2022
826,Tyrone Vaughan,T.Vaughan@example.com,Keighley,14/01/2021
827,Nadine Maddox,N.Maddox@example.com,Bromyard,27/01/2021
828,Lionel Newton,L.Newton@example.com,Haslemere,11/02/2021
829,Myron Hurley,M.Hurley1@example.com,Snodland,20/02/2021
830,Cameron Daugherty,C.Daugherty@example.com,Ipswich,25/02/2021
831,Norbert Berg,N.Berg@example.com,Harworth and Bircotes,10/03/2021
832,Elva Hammond,E.Hammond@example.com,Farn,25/03/2021
833,Concetta Fry,C.Fry@example.com,Topsham,30/03/2021
834,Kristofer Rice,K.Rice@example.com,Crewe,08/04/2021
835,Esther Stewart,E.Stewart2@example.com,Tunbridge Wells,11/04/2021
836,Willard Pugh,W.Pugh@example.com,Mossley,04/05/2021
837,Ryan Hooper,R.Hooper@example.com,Middleham,10/05/2021
838,Maryann Stuart,M.Stuart@example.com,Dewsbury,21/06/2021
839,Bobbi Kline,B.Kline@example.com,Crawley,24/07/2021
840,Grant Bryan,G.Bryan@example.com,Harrogate,30/07/2021
841,Roscoe Nichols,R.Nichols@example.com,Egremont,30/08/2021
842,Lola Whitney,L.Whitney@example.com,Haslingden,20/09/2021
843,Consuelo Lara,C.Lara@example.com,Bakewell,24/09/2021
844,Rigoberto Alvarado,R.Alvarado@example.com,Tadley,21/10/2021
845,Rachel Fitzpatrick,R.Fitzpatrick@example.com,Lough,30/10/2021
846,Meagan Harding,M.Harding@example.com,Stevenage,06/11/2021
847,Manuela Oconnor,M.Oconnor@example.com,Hungerford,15/11/2021
848,Franklin Rodriguez,F.Rodriguez@example.com,Glastonbury,30/11/2021
849,Derrick Burns,D.Burns@example.com,Loftus,21/12/2021
850,Sung Monroe,S.Monroe@example.com,Oakham,19/01/2022
851,Barry Scott,B.Scott@example.com,Settle,21/01/2021
852,Cindy Kerr,C.Kerr@example.com,Stoke-on-Trent,11/03/2021
853,Beulah Ferrell,B.Ferrell@example.com,Chesham,13/03/2021
854,Weston Jones,W.Jones@example.com,Brentwood,16/03/2021
855,Karina Torres,K.Torres@example.com,Holsworthy,25/03/2021
856,Lucy Keller,L.Keller@example.com,Exmouth,17/04/2021
857,Tyson Hutchinson,T.Hutchinson@example.com,Brading,25/04/2021
858,Mack Marsh,M.Marsh@example.com,Chudleigh,26/04/2021
859,Dino White,D.White@example.com,Bovey Tracey,28/04/2021
860,Chas Vargas,C.Vargas@example.com,St Albans,16/05/2021
861,Ahmed Paul,A.Paul@example.com,Middlewich,27/05/2021
862,Arnoldo Banks,A.Banks@example.com,Coggeshall,26/08/2021
863,Kent Maldonado,K.Maldonado@example.com,Bosworth,27/08/2021
864,Delbert Mcdonald,D.Mcdonald@example.com,Hayle,28/09/2021
865,Reba Munoz,R.Munoz@example.com,Downham,02/10/2021
866,Isabella Mills,I.Mills@example.com,Hednesford,08/10/2021
867,Cletus Jarvis,C.Jarvis1@example.com,Bedford,17/10/2021
868,Edmundo Mahoney,E.Mahoney@example.com,Kidsgrove,01/11/2021
869,Sherman Sanchez,S.Sanchez@example.com,Coulsdon,13/11/2021
870,Ricardo Morales,R.Morales@example.com,Uttoxeter,01/12/2021
871,Calvin Mcclure,C.Mcclure@example.com,Dartford,21/12/2021
872,Jerrell Mcbride,J.Mcbride@example.com,Moretonhampstead,04/01/2022
873,Nell Archer,N.Archer@example.com,Sleaford,10/01/2022
874,Mac Meyers,M.Meyers@example.com,Acle,16/01/2022
875,Clint Saunders,C.Saunders@example.com,Dunwich,21/01/2022
876,Ned Boone,N.Boone@example.com,Telford,03/01/2021
877,Galen Tyler,G.Tyler@example.com,Cambridge,28/01/2021
878,Millie Wong,M.Wong2@example.com,Camelford,23/02/2021
879,Alfredo Burch,A.Burch@example.com,Thorne,19/03/2021
880,Janell Pace,J.Pace@example.com,Ferndown,22/03/2021
881,Vern Skinner,V.Skinner@example.com,Plymouth,04/04/2021
882,Kristina Hernandez,K.Hernandez@example.com,Southall,17/04/2021
883,Serena Ross,S.Ross@example.com,Chorley,03/05/2021
884,Ernest Ochoa,E.Ochoa@example.com,Hounslow,12/05/2021
885,Wally Shea,W.Shea@example.com,Penkridge,08/06/2021
886,Dong Weeks,D.Weeks@example.com,Ilkeston,04/07/2021
887,Ollie Fischer,O.Fischer@example.com,Clare,11/07/2021
888,Zelma Li,Z.Li@example.com,Newcastle upon Tyne,21/08/2021
889,Larry Gray,L.Gray@example.com,Blackpool,27/08/2021
890,Chasity Singh,C.Singh@example.com,Tottenham,28/08/2021
891,Cecilia Mcknight,C.Mcknight@example.com,Basingstoke,26/09/2021
892,Kate Yates,K.Yates@example.com,Great Dunmow,30/09/2021
893,Mable Hurley,M.Hurley2@example.com,Bedworth,01/10/2021
894,Silas Bailey,S.Bailey@example.com,Woburn,04/10/2021
895,Garrett Wall,G.Wall@example.com,Bradninch,17/10/2021
896,Audra Baird,A.Baird@example.com,Bath,13/11/2021
897,Darcy Allison,D.Allison@example.com,Otley,22/11/2021
898,Dolly Ali,D.Ali@example.com,Woking,10/01/2022
899,Allie Dodson,A.Dodson@example.com,Dovercourt,17/01/2022
900,Stacey Rojas,S.Rojas@example.com,Wigton,27/01/2022
901,Winston Calhoun,W.Calhoun@example.com,Scar,03/01/2021
902,Anderson Daugherty,A.Daugherty@example.com,Berkhamsted,11/01/2021
903,Porter Landry,P.Landry@example.com,Featherstone,15/01/2021
904,Toney Roth,T.Roth@example.com,Cheshunt,29/01/2021
905,Joseph Wells,J.Wells@example.com,Gosport,02/02/2021
906,Russel Koch,R.Koch@example.com,East Grinstead,08/03/2021
907,Clifford Mcmahon,C.Mcmahon@example.com,Torquay,30/03/2021
908,Jewel Vincent,J.Vincent@example.com,Newcastle upon Tyne,14/04/2021
909,Janie Craig,J.Craig@example.com,Dovercourt,24/04/2021
910,Archie Jordan,A.Jordan@example.com,Skelmersdale,28/04/2021
911,Martin Lucas,M.Lucas@example.com,Ilkeston,22/05/2021
912,Scotty Wright,S.Wright@example.com,Rye,01/06/2021
913,Lynn Potts,L.Potts@example.com,Sandown,14/06/2021
914,Joesph Byrd,J.Byrd@example.com,Wellington,20/06/2021
915,Tabatha Paul,T.Paul@example.com,Weymouth,07/09/2021
916,Royal Singleton,R.Singleton@example.com,Windsor,07/10/2021
917,Kristina Burgess,K.Burgess@example.com,Richmond,11/10/2021
918,Rex Tate,R.Tate@example.com,Kingston-upon-Thames,05/11/2021
919,Petra Bennett,P.Bennett@example.com,Lewes,09/12/2021
920,Kristine Lowery,K.Lowery@example.com,Patchway,10/12/2021
921,Lupe Santos,L.Santos@example.com,St Austell,12/12/2021
922,Mandy Pratt,M.Pratt@example.com,Hoddesdon,09/01/2022
923,Emory Vega,E.Vega@example.com,Weston-super-Mare,14/01/2022
924,Brady Moore,B.Moore@example.com,Bexhill-on-Sea,23/01/2022
925,Melba Arroyo,M.Arroyo@example.com,Carlton Colville,28/01/2022
926,Marguerite Gay,M.Gay@example.com,Radstock,04/01/2021
927,Columbus Booker,C.Booker@example.com,Rotherham,29/01/2021
928,Merrill Collier,M.Collier@example.com,Rasen,13/02/2021
929,Dillon Tucker,D.Tucker@example.com,Uxbridge,27/02/2021
930,Rafael Hutchinson,R.Hutchinson@example.com,Wood Green,26/03/2021
931,Melba Forbes,M.Forbes@example.com,Oldham,03/04/2021
932,Brad Everett,B.Everett@example.com,Andover,06/04/2021
933,Adele Ortiz,A.Ortiz@example.com,Crosby,19/04/2021
934,Marshall Huffman,M.Huffman@example.com,Whitehaven,27/05/2021
935,Jessie Hayden,J.Hayden@example.com,Bradninch,25/07/2021
936,Deangelo Meyer,D.Meyer@example.com,Chichester,28/07/2021
937,Cleveland Francis,C.Francis@example.com,Bishop's Castle,30/07/2021
938,Terrence Duncan,T.Duncan@example.com,Earl Shilton,18/08/2021
939,Sonia Decker,S.Decker@example.com,Glossop,20/08/2021
940,Coleman Walton,C.Walton@example.com,Elland,19/09/2021
941,Cordell Smith,C.Smith@example.com,Bradley Stoke,23/09/2021
942,Susana Logan,S.Logan@example.com,Dereham,01/10/2021
943,Hunter Fischer,H.Fischer@example.com,Braintree,10/10/2021
944,Margarita Valdez,M.Valdez@example.com,Sandhurst,02/11/2021
945,Otto Bishop,O.Bishop@example.com,Burford,05/11/2021
946,Madelyn Lynch,M.Lynch@example.com,Burton Latimer,07/11/2021
947,Millie Skinner,M.Skinner@example.com,Weighton,10/11/2021
948,Monty Callahan,M.Callahan@example.com,Frinton and Walton,16/12/2021
949,Minh Melton,M.Melton@example.com,Sawbridgeworth,18/01/2022
950,Clare Jarvis,C.Jarvis2@example.com,Woodley,26/01/2022
951,Dominic Petersen,D.Petersen@example.com,Bottesford,09/01/2021
952,Shannon Hansen,S.Hansen@example.com,Malmesbury,01/02/2021
953,Sara Berry,S.Berry2@example.com,Hereford,04/03/2021
954,Cedrick Edwards,C.Edwards@example.com,Durham,12/03/2021
955,Dale Gould,D.Gould@example.com,Northwich,01/04/2021
956,Tanya Gonzales,T.Gonzales@example.com,Axbridge,28/04/2021
957,Tad Hendricks,T.Hendricks@example.com,Bilston,30/04/2021
958,Janis Sawyer,J.Sawyer@example.com,Wolsingham,01/05/2021
959,Jordan Espinoza,J.Espinoza@example.com,Penryn,27/05/2021
960,Kirby Tanner,K.Tanner@example.com,Bedale,29/05/2021
961,Ronny Torres,R.Torres@example.com,Kempston,29/06/2021
962,Rene Kelly,R.Kelly@example.com,Hartlepool,05/07/2021
963,Wilford Dorsey,W.Dorsey@example.com,Queen-in-Sheppey,10/07/2021
964,Kasey Mathews,K.Mathews@example.com,Oundle,14/07/2021
965,Silvia Leon,S.Leon@example.com,Otley,04/09/2021
966,Karla Warren,K.Warren@example.com,St Blaise,26/09/2021
967,Brian Crane,B.Crane@example.com,Woking,04/10/2021
968,Felecia Graves,F.Graves@example.com,Oldbury,11/10/2021
969,Bonnie Cain,B.Cain@example.com,Ashbourne,25/10/2021
970,Jonathan Mcclain,J.Mcclain@example.com,Solihull,12/11/2021
971,Billy Shelton,B.Shelton@example.com,Selsey,20/11/2021
972,Tabatha Munoz,T.Munoz@example.com,Moreton-in-Marsh,29/11/2021
973,Barney Mitchell,B.Mitchell@example.com,Royal Wootton Bassett,11/12/2021
974,Angelique Strong,A.Strong@example.com,Newton-le-Willows,31/12/2021
975,Norma Cortez,N.Cortez@example.com,Long Sutton,26/01/2022
976,Demetrius Knight,D.Knight2@example.com,Kingston upon Hull,18/01/2021
977,Esther Underwood,E.Underwood@example.com,Fordbridge,13/02/2021
978,Gaston Manning,G.Manning@example.com,Barton-upon-Humber,14/02/2021
979,Gabriel Lawson,G.Lawson@example.com,Ormskirk,10/03/2021
980,Lela May,L.May@example.com,Masham,25/03/2021
981,Joni Romero,J.Romero@example.com,Wakefield,28/03/2021
982,Lyle Osborn,L.Osborn@example.com,Cheadle,14/04/2021
983,Rachelle Williams,R.Williams@example.com,Fleet,03/05/2021
984,Darwin Dawson,D.Dawson@example.com,Southminster,27/05/2021
985,Warren Carrillo,W.Carrillo@example.com,Earley,04/06/2021
986,Ezekiel Kidd,E.Kidd@example.com,Reepham,19/06/2021
987,Kristi Peters,K.Peters@example.com,Shildon,17/07/2021
988,Alex Porter,A.Porter@example.com,Seaton,05/08/2021
989,Jannie Hammond,J.Hammond@example.com,West Malling,10/08/2021
990,Kitty Camacho,K.Camacho@example.com,Stalbridge,29/08/2021
991,Jeanette Stewart,J.Stewart@example.com,Gateshead,30/08/2021
992,Raul Mueller,R.Mueller@example.com,Looe,08/09/2021
993,Lisa Hines,L.Hines@example.com,Quedgeley,20/09/2021
994,Justine Bird,J.Bird2@example.com,Totnes,26/09/2021
995,Adrian Bryant,A.Bryant2@example.com,Dudley,08/10/2021
996,Burt Adkins,B.Adkins@example.com,Stocksbridge,15/10/2021
997,Ashley Andersen,A.Andersen@example.com,Knares,01/11/2021
998,Martina Shannon,M.Shannon@example.com,Bognor Regis,07/11/2021
999,Gina Bass,G.Bass@example.com,Immingham,21/12/2021
1000,Katrina Bautista,K.Bautista@example.com,North Petherton,22/12/2021
